{
    "general":
    {
    	"background":"#343d46",
    	"foreground": "#d8dee9",
    	"insertbackground": "#f9ae58",
    	"insertwidth": 1,
    	"inactiveselectbackground": "#4e5a65",
        "highlightthickness": 0,
        "borderwidth": 0
    },
    
    
    "selection":
    {
    	"background": "#4e5a65",
    	"foreground": "#d8dee9"
    },
    

    "syntax":
    {
        "Token.Text": "#d8dee9",
        "Token.Other": "#d8dee9",
        "Token.Eror": "#f9ae58",
        "Token.Whitespace": "#d8dee9",
        "Token.Escape": "#d8dee9",
        
        "Token.Keyword": "#c695c6",
        "Token.Keyword.Constant": "#c695c6",
        "Token.Keyword.Declaration": "#c695c6",
        "Token.Keyword.Namespace": "#c695c6",
        "Token.Keyword.Pseudo": "#c695c6",
        "Token.Keyword.Reserved": "#c695c6",
        "Token.Keyword.Type": "#c695c6",
        "Token.Keyword.Other": "#c695c6",
        
        "Token.Punctuation": "#5fb4b4",

        "Token.Name.Attribute": "#c695c6",
        "Token.Name.Builtin": "#6699cc",
        "Token.Name.Builtin.Pseudo": "#ec5f66",
        "Token.Name.Class": "#f9ae58",
        "Token.Name.Constant": "#d8dee9",
        "Token.Name.Decorator": "#6699cc",
        "Token.Name.Entity": "#6699cc",
        "Token.Name.Exception": "#6699cc",
        "Token.Name.Function": "#5fb4b4",
        "Token.Name.Function.Magic": "#6699cc",
        "Token.Name.Label": "#6699cc",
        "Token.Name.Namespace": "#d8dee9",
        "Token.Name.Other": "#6699cc",
        "Token.Name.Tag": "#f97b58",
        "Token.Name.Variable": "#5fb4b4",
        "Token.Name.Variable.Class": "#d8dee9",
        "Token.Name.Variable.Global": "#d8dee9",
        "Token.Name.Variable.Instance": "#d8dee9",
        "Token.Name.Variable.Magic": "#d8dee9",

        "Token.Operator": "#f97b58",
        "Token.Operator.Word": "#f97b58",
        
        "Token.Comment": "#a6acb9",
        "Token.Comment.Hashbang": "#a6acb9",
        "Token.Comment.Multiline": "#a6acb9",
        "Token.Comment.Preproc": "#a6acb9",
        "Token.Comment.Preprocfile": "#a6acb9",
        "Token.Comment.Single": "#a6acb9",
        "Token.Comment.Special": "#a6acb9",
        
        "Token.Literal.Number.Bin": "#f9ae58",
        "Token.Literal.Number.Float": "#f9ae58",
        "Token.Literal.Number.Hex": "#f9ae58",
        "Token.Literal.Number.Integer": "#f9ae58",
        "Token.Literal.Number.Integer.Long": "#f9ae58",
        "Token.Literal.Number.Oct": "#f9ae58",
        
        "Token.Literal.String.Affix": "#99c794",
        "Token.Literal.String.Char": "#99c794",
        "Token.Literal.String.Delimeter": "#99c794",
        "Token.Literal.String.Doc": "#99c794",
        "Token.Literal.String.Double": "#99c794",
        "Token.Literal.String.Escape": "#99c794",
        "Token.Literal.String.Heredoc": "#99c794",
        "Token.Literal.String.Interpol": "#99c794",
        "Token.Literal.String.Other": "#99c794",
        "Token.Literal.String.Regex": "#99c794",
        "Token.Literal.String.Single": "#99c794",
        "Token.Literal.String.Symbol": "#99c794"
    }
}
